{"cameraMode":{"drawMode":0,"name":"Shaded","section":"Shading Mode"},"sceneLighting":false,"audioPlay":false,"sceneViewState":{"showFog":true,"showMaterialUpdate":false,"showSkybox":false,"showFlares":true,"showImageEffects":true,"showParticleSystems":true},"in2DMode":false,"pivot":{"x":0.8555516004562378,"y":0.9267924427986145,"z":-4.492269515991211},"rotation":{"x":-0.051977116614580157,"y":0.9372116327285767,"z":-0.15925180912017823,"w":-0.3059846758842468},"size":1.2247449159622193,"orthographic":false}