{"cameraMode":{"drawMode":0,"name":"Shaded","section":"Shading Mode"},"sceneLighting":false,"audioPlay":false,"sceneViewState":{"showFog":true,"showMaterialUpdate":false,"showSkybox":false,"showFlares":true,"showImageEffects":true,"showParticleSystems":true},"in2DMode":false,"pivot":{"x":3.143688440322876,"y":1.470881700515747,"z":0.14474397897720338},"rotation":{"x":0.04757675901055336,"y":0.06442234665155411,"z":0.0030616954900324346,"w":-0.9968193769454956},"size":4.45994234085083,"orthographic":false}