{"cameraMode":{"drawMode":0,"name":"Shaded","section":"Shading Mode"},"sceneLighting":false,"audioPlay":false,"sceneViewState":{"showFog":true,"showMaterialUpdate":false,"showSkybox":false,"showFlares":true,"showImageEffects":true,"showParticleSystems":true},"in2DMode":false,"pivot":{"x":-2.6465771198272707,"y":0.7815349102020264,"z":2.490851879119873},"rotation":{"x":0.024764545261859895,"y":0.9683480858802795,"z":-0.10675730556249619,"w":0.22442401945590974},"size":0.8660253882408142,"orthographic":false}