{"cameraMode":{"drawMode":0,"name":"Shaded","section":"Shading Mode"},"sceneLighting":false,"audioPlay":false,"sceneViewState":{"showFog":true,"showMaterialUpdate":false,"showSkybox":false,"showFlares":true,"showImageEffects":true,"showParticleSystems":true},"in2DMode":false,"pivot":{"x":-1.1403530836105347,"y":1.6964775323867798,"z":-8.397995948791504},"rotation":{"x":-0.04853427782654762,"y":-0.22310371696949006,"z":0.011108889244496823,"w":-0.9735479354858398},"size":1.2247449159622193,"orthographic":false}